app_num	app_date	coapp_f_name	coapp_l_name	a_email	is_approved	is_rejected
1	2018-07-02	Casie	Comnick	lsengbusch@plusstrip.com	0	1
2	2018-07-02	Selma	Maclead	apaprocki@gogozoom.com	1	0
3	2018-07-02	Kristeen	Acey	gjeanty@faxquote.com	1	0
4	2018-07-03	Nana	Tollner	jmerced@codehow.com	1	0
5	2018-07-03	Avery	Klusman	ylueckenbach@bioholding.com	1	0
6	2018-07-03	Quentin	Loader	epaa@hatfan.com	1	0
7	2018-07-03			nschmierer@zathunicon.com	1	0
8	2018-07-04	Mona	Deleo	tmiceli@zathunicon.com	1	0
9	2018-07-04	Yuki	Vonasek	clary@scotfind.com	0	1
10	2018-07-04	Kaitlyn	Klimek	sparvis@zumgoity.com	1	0
11	2018-07-05	Raylene	Blackwood	vhauenstein@codehow.com	0	1
12	2018-07-05	Nieves	Batman	ecraghead@zathunicon.com	1	0
13	2018-07-06	Matthew	Rauser	evanausdal@konex.com	1	0
14	2018-07-06	Lizette	Witten	sscipione@toughzap.com	0	1
15	2018-07-06	Roosevelt	Springe	bscheyer@isdom.com	0	1
16	2018-07-09	Delisa	Keetch	vborgman@groovestreet.com	0	1
17	2018-07-09	Ammie	Heintzman	shamilton@donware.com	1	0
18	2018-07-09	Lashaunda	Paulas	lweirather@condax.com	0	1
19	2018-07-10	Thaddeus	Caudy	chalsey@kinnamplus.com	0	1
20	2018-07-10	Evangelina	Crupi	tmeteer@zumgoity.com	1	0
21	2018-07-11			cschoeneck@bioplex.com	1	0
22	2018-07-11	Serina	Jurney	wklusman@hottechi.com	0	1
23	2018-07-12			grestrepo@blackzim.com	1	0
24	2018-07-12	Leonora	Coyier	nplumer@doncon.com	1	0
25	2018-07-12	Virgina	Perin	lvanausdal@codehow.com	0	1
26	2018-07-13	Melissa	Vanheusen	cfrey@scotfind.com	1	0
27	2018-07-13			spinilla@zoomit.com	1	0
28	2018-07-16			nschmierer@zathunicon.com	1	0
29	2018-07-16	Vilma	Marrier	costolaza@goodsilron.com	1	0
30	2018-07-17	Willard	Albares	gkusko@scottech.com	1	0
31	2018-07-17	Lezlie	Steffensmeier	cschoeneck@bioplex.com	1	0
32	2018-07-17	Devora	Meinerding	cschoeneck@bioplex.com	1	0
33	2018-07-18			dschmaltz@scotfind.com	1	0
34	2018-07-18	Janine	Cetta	jmerced@codehow.com	1	0
35	2018-07-19	Tamar	Lawler	lhalsey@plexzap.com	1	0
36	2018-07-19	Mirta	Yglesias	mfallick@ontomedia.com	1	0
37	2018-07-20	Dorothy	Frerking	kamigon@faxquote.com	0	1
38	2018-07-20			cmaclead@ron-tech.com	0	1
39	2018-07-23	Izetta	Myricks	mwaymire@hatfan.com	1	0
40	2018-07-23	Felix	Kitty	cankeny@hottechi.com	0	1
41	2018-07-23			hmirafuentes@toughzap.com	1	0
42	2018-07-24	Jennifer	Saylors	ecraghead@zathunicon.com	1	0
43	2018-07-24	Delisa	Abdallah	lsaylors@iselectrics.com	1	0
44	2018-07-25			sparvis@zumgoity.com	1	0
45	2018-07-25	Wynell	Candlish	lhalsey@plexzap.com	1	0
46	2018-07-26	Britt	Rhym	hnachor@stanredtax.com	1	0
47	2018-07-26	Lavonna	Nicolozakes	lhalsey@domzoom.com	0	1
48	2018-07-26	Bette	Nachor	nriden@plussunin.com	1	0
49	2018-07-27			dmalet@openlane.com	1	0
50	2018-07-30	Kris	Pedrozo	aandreason@year-job.com	0	1
51	2018-07-30	An	Dhamer	rcantres@treequote.com	1	0
52	2018-07-30	Leonora	Motley	mpinilla@ganjaflex.com	1	0
53	2018-07-30	Howard	Lipke	aandreason@year-job.com	0	1
54	2018-07-31			wklusman@hottechi.com	1	0
55	2018-07-31	Jeanice	Heintzman	candreason@donquadtech.com	1	0
56	2018-08-01	Daren	Montezuma	erodefer@codehow.com	1	0
57	2018-08-02	Mitsue	Bilden	rdaufeldt@zencorporation.com	1	0
58	2018-08-02	Christiane	Rentfro	hpagliuca@rundofase.com	1	0
59	2018-08-02	Brittni	Boord	dmaile@gogozoom.com	1	0
60	2018-08-03	Carlee	Jurney	mmoyd@lexiqvolax.com	1	0
61	2018-08-03	Estrella	Acey	fmorocco@toughzap.com	1	0
62	2018-08-03	Izetta	Batman	dmalet@openlane.com	1	0
63	2018-08-03	Shalon	Perruzza	sscipione@toughzap.com	0	1
64	2018-08-06	Matthew	Sawchuk	tkorando@kinnamplus.com	1	0
65	2018-08-06	Detra	Kohnert	sshadrick@scotfind.com	1	0
66	2018-08-06			rbilden@zathunicon.com	0	1
67	2018-08-07	Yolando	Wieser	rbilden@zathunicon.com	1	0
68	2018-08-08	Novella	Heintzman	rasar@lexiqvolax.com	0	1
69	2018-08-08	Levi	Pagliuca	lhalsey@plexzap.com	1	0
70	2018-08-08	Delmy	Theodorov	jborgman@isdom.com	1	0
71	2018-08-09			mpinilla@ganjaflex.com	1	0
72	2018-08-09	Myra	Caudy	sdilliard@faxquote.com	1	0
73	2018-08-10	Timothy	Aquas	vborgman@groovestreet.com	1	0
74	2018-08-10	Viola	Riden	aharabedian@newex.com	1	0
75	2018-08-13	Lezlie	Gabisi	pheintzman@sunnamplex.com	1	0
76	2018-08-13			bscheyer@isdom.com	1	0
77	2018-08-14	Tresa	Juvera	erodefer@codehow.com	1	0
78	2018-08-14	Aja	Vonasek	nbartolet@inity.com	1	0
79	2018-08-14			vborgman@groovestreet.com	1	0
80	2018-08-15			mfallick@ontomedia.com	0	1
81	2018-08-15	Kallie	Tollner	tkorando@kinnamplus.com	1	0
82	2018-08-16	Jamal	Sayaphon	lwide@mathtouch.com	1	0
83	2018-08-16	Alesia	Scriven	tsuell@ganjaflex.com	1	0
84	2018-08-16	Malcolm	Vocelka	nplumer@doncon.com	0	1
85	2018-08-16			cturinetti@goodsilron.com	1	0
86	2018-08-17	Carissa	Vonasek	tboord@iselectrics.com	1	0
87	2018-08-17	Keneth	Engelberg	shamilton@donware.com	1	0
88	2018-08-17	Winfred	Daufeldt	gjeanty@faxquote.com	1	0
89	2018-08-17	Jeanice	Tjepkema	mloder@rantouch.com	1	0
90	2018-08-20	Rima	Corbley	rdilello@sunnamplex.com	1	0
91	2018-08-21			tnicolozakes@goodsilron.com	1	0
92	2018-08-22			cmanno@donquadtech.com	1	0
93	2018-08-22	Rikki	Sengbusch	mlietz@openlane.com	1	0
94	2018-08-23	Pete	Campain	tkarpel@plussunin.com	1	0
95	2018-08-23			ameteer@doncon.com	1	0
96	2018-08-23	Virgie	Inouye	pyum@mathtouch.com	0	1
97	2018-08-24	Venita	Springe	fweirather@warephase.com	0	1
98	2018-08-24	Carlee	Figeroa	grestrepo@blackzim.com	1	0
99	2018-08-24	Alyce	Tawil	aharnos@treequote.com	1	0
100	2018-08-27	Kanisha	Lungren	jmerced@codehow.com	1	0
101	2018-08-27	Leota	Estell	ljuvera@xx-holding.com	0	1
102	2018-08-28			rpugh@kinnamplus.com	1	0
103	2018-08-28	Stephen	Reiber	mloder@rantouch.com	1	0
104	2018-08-29	Oretha	Swayze	kknipp@cancity.com	1	0
105	2018-08-29	Jacqueline	Hagele	hpagliuca@rundofase.com	0	1
106	2018-08-29	Stephen	Wide	ameteer@doncon.com	1	0
107	2018-08-30	Dierdre	Schmaltz	vsayaphon@dontechi.com	1	0
108	2018-08-30	Bernardine	Mauson	sscipione@toughzap.com	1	0
109	2018-08-30	Danica	Loder	mscriven@singletechno.com	1	0
110	2018-08-31			cfrey@scotfind.com	1	0
111	2018-08-31	Nicolette	Samara	lragel@gogozoom.com	1	0
112	2018-08-31	Elvera	Isenhower	nriden@plussunin.com	1	0
113	2018-09-03	Zona	Lacovara	nplumer@doncon.com	1	0
114	2018-09-03			mlietz@openlane.com	0	1
115	2018-09-04	Delmy	Claucherty	fchesterfield@condax.com	1	0
116	2018-09-04	Chaya	Cloney	lweirather@condax.com	1	0
117	2018-09-04	Kimbery	Bourbon	mshire@statholdings.com	0	1
118	2018-09-05	Lai	Juvera	hnachor@stanredtax.com	1	0
119	2018-09-05	Freeman	Berlanga	cseewald@xx-holding.com	0	1
120	2018-09-06	Oretha	Acey	mcorrington@faxquote.com	1	0
121	2018-09-06	Thurman	Saylors	cschieler@rangreen.com	1	0
122	2018-09-07	Sabra	Sweigard	hnachor@stanredtax.com	1	0
123	2018-09-07	Shenika	Gibes	lvanausdal@codehow.com	1	0
124	2018-09-10			gbuzick@bioholding.com	1	0
125	2018-09-10	Lonna	Biddy	rkannady@rundofase.com	1	0
126	2018-09-11			cmaclead@ron-tech.com	1	0
127	2018-09-11	Wilda	Butt	vhauenstein@codehow.com	1	0
128	2018-09-12	Regenia	Ostrosky	tarceo@stanredtax.com	1	0
129	2018-09-12	Joni	Neither	mloder@rantouch.com	1	0
130	2018-09-13			ljuvera@xx-holding.com	0	1
131	2018-09-13			ameteer@doncon.com	0	1
132	2018-09-14			sgudroe@donware.com	1	0
133	2018-09-14			mschmaltz@zencorporation.com	1	0
134	2018-09-14	Louisa	Caiafa	jnicolozakes@plexzap.com	1	0
135	2018-09-17	Annelle	Keener	dmalet@openlane.com	0	1
136	2018-09-17	Lonna	Venere	gbuzick@bioholding.com	1	0
137	2018-09-18	Ashlyn	Walthall	rdhamer@donware.com	1	0
138	2018-09-18			aharnos@treequote.com	1	0
139	2018-09-18			jneither@statholdings.com	1	0
140	2018-09-19			rbilden@zathunicon.com	0	1
141	2018-09-19	Tarra	Wiklund	gmauson@sumace.com	0	1
142	2018-09-19			dschmaltz@scotfind.com	1	0
143	2018-09-20			hpagliuca@rundofase.com	1	0
144	2018-09-20			gkusko@scottech.com	0	0
145	2018-09-20	Caitlin	Lacovara	ewrinkles@zotware.com	1	0
146	2018-09-20	Natalie	Acey	nschmierer@zathunicon.com	1	0
147	2018-09-21	Olive	Farrow	cseewald@xx-holding.com	1	0
148	2018-09-21			liturbide@openlane.com	1	0
149	2018-09-24			gmauson@sumace.com	1	0
150	2018-09-24	Abel	Modzelewski	lfillingim@konex.com	0	1
151	2018-09-24	Krissy	Hochard	rasar@lexiqvolax.com	0	1
152	2018-09-25			mfallick@ontomedia.com	1	0
153	2018-09-25	Rebecka	Meteer	tnicolozakes@goodsilron.com	1	0
154	2018-09-25	Graciela	Baltimore	lstimmel@j-texon.com	1	0
155	2018-09-26	Ty	Papasergi	gmauson@sumace.com	1	0
156	2018-09-26			jturinetti@toughzap.com	1	0
157	2018-09-26	Chantell	Monterrubio	sgudroe@donware.com	1	0
158	2018-09-27	Ronny	Strassner	rmaynerich@bioholding.com	1	0
159	2018-09-27	Felicidad	Hoffis	pyum@mathtouch.com	1	0
160	2018-09-27	Sharen	Gibes	nriden@plussunin.com	1	0
161	2018-09-28	Sharee	Gudroe	ttolfree@iselectrics.com	1	0
162	2018-09-28	Latrice	Vizarro	mshire@statholdings.com	1	0
163	2018-10-01	Dean	Gellinger	tmeteer@zumgoity.com	1	0
164	2018-10-02	An	Miceli	tmeteer@zumgoity.com	1	0
165	2018-10-02			remigh@ganjaflex.com	1	0
166	2018-10-03	Caitlin	Theodorov	lvanausdal@codehow.com	1	0
167	2018-10-04	Minna	Blunk	vborgman@groovestreet.com	1	0
168	2018-10-04	Jacqueline	Korando	gjeanty@faxquote.com	1	0
169	2018-10-04			kgabisi@opentech.com	1	0
170	2018-10-04	Amber	Bubash	tboord@iselectrics.com	1	0
171	2018-10-05	Jolene	Tomasulo	jneither@statholdings.com	1	0
172	2018-10-05	Jacqueline	Nicolozakes	rasar@lexiqvolax.com	0	0
173	2018-10-05	Georgene	Neither	aharabedian@newex.com	1	0
174	2018-10-08	Rodolfo	Canlas	mschmaltz@zencorporation.com	1	0
175	2018-10-08	Helga	Gwalthney	lhalsey@plexzap.com	1	0
176	2018-10-09	My	Farrow	remigh@ganjaflex.com	0	1
177	2018-10-09	Lenna	Ventura	hweirather@lexiqvolax.com	1	0
178	2018-10-10	Ligia	Baltimore	nbartolet@inity.com	0	1
179	2018-10-10	Judy	Konopacki	agudroe@rantouch.com	1	0
180	2018-10-10	Nichelle	Cookey	lhalsey@plexzap.com	1	0
181	2018-10-11			spinilla@zoomit.com	1	0
182	2018-10-11	Lenna	Saulter	vhauenstein@codehow.com	0	1
183	2018-10-11	Nana	Nabours	ythyberg@openlane.com	1	0
184	2018-10-12			lstimmel@j-texon.com	1	0
185	2018-10-12	Gregoria	Sweigard	vhauenstein@codehow.com	1	0
186	2018-10-15	Regenia	Garufi	shamilton@donware.com	1	0
187	2018-10-15	Skye	Regusters	bscheyer@isdom.com	1	0
188	2018-10-16			lehmann@plusstrip.com	1	0
189	2018-10-16	Larae	Scheyer	kknipp@cancity.com	0	1
190	2018-10-17	Fletcher	Eroman	rmaynerich@bioholding.com	1	0
191	2018-10-17	Truman	Rhoden	cgrenet@warephase.com	1	0
192	2018-10-18	Tawna	Wildfong	goles@newex.com	1	0
193	2018-10-18			rkannady@rundofase.com	0	1
194	2018-10-18			nplumer@doncon.com	1	0
195	2018-10-19	Louvenia	Burnard	fweirather@warephase.com	1	0
196	2018-10-19	Fatima	Hoa	cmaclead@ron-tech.com	1	0
197	2018-10-22	Izetta	Restrepo	dbayless@codehow.com	1	0
198	2018-10-22	France	Delasancha	tboord@iselectrics.com	1	0
199	2018-10-23	Tiera	Louissant	rkannady@rundofase.com	0	1
200	2018-10-23	Cecily	Andreason	fcoyier@fasehatice.com	1	0
201	2018-10-23	Xochitl	Dallen	rasar@lexiqvolax.com	1	0
202	2018-10-24	Christiane	Vizarro	grestrepo@blackzim.com	1	0
203	2018-10-24	Tiffiny	Staback	tmeteer@zumgoity.com	1	0
204	2018-10-24	Paris	Wolfgramm	tmeteer@zumgoity.com	1	0
205	2018-10-25	Raylene	Buzick	lweirather@condax.com	0	1
206	2018-10-25	Beatriz	Grenet	jdrymon@kan-code.com	1	0
207	2018-10-25	Elvera	Hirpara	mgesick@hatfan.com	1	0
208	2018-10-26			cturinetti@goodsilron.com	1	0
209	2018-10-29	Jettie	Treston	lsaylors@iselectrics.com	1	0
210	2018-10-29	Lauran	Lipke	ffrancescon@finjob.com	1	0
211	2018-10-29			kknipp@cancity.com	1	0
212	2018-10-30	Linn	Borgman	tboord@iselectrics.com	1	0
213	2018-10-30	Angella	Patak	ffrancescon@finjob.com	1	0
214	2018-10-31	Mitsue	Kolmetz	lehmann@plusstrip.com	1	0
215	2018-11-01	Staci	Hengel	cmanno@donquadtech.com	1	0
216	2018-11-01	Roosevelt	Hirpara	sscipione@toughzap.com	1	0
217	2018-11-02	Jovita	Tomblin	lvanausdal@codehow.com	1	0
218	2018-11-05	Raymon	Auber	hpagliuca@rundofase.com	1	0
219	2018-11-05	Nicolette	Weight	jneither@statholdings.com	1	0
220	2018-11-06	Lettie	Yum	gkusko@scottech.com	1	0
221	2018-11-06	Sharee	Ventura	taquas@streethex.com	1	0
222	2018-11-06	Venita	Beech	cschoeneck@bioplex.com	0	1
223	2018-11-07	Kerry	Lipke	lcolla@condax.com	1	0
224	2018-11-07	Elli	Dilliard	swaymire@gogozoom.com	1	0
225	2018-11-07			dschmaltz@scotfind.com	1	0
226	2018-11-08	Talia	Tolfree	lsengbusch@plusstrip.com	1	0
227	2018-11-08	Karan	Bilden	fmorocco@toughzap.com	1	0
228	2018-11-08	Laurel	Stockham	vborgman@groovestreet.com	1	0
229	2018-11-09	Levi	Haufler	dbayless@codehow.com	1	0
230	2018-11-09	Dalene	Pelkowski	gjeanty@faxquote.com	1	0
231	2018-11-12	Beatriz	Montezuma	sbrucato@bioholding.com	0	1
232	2018-11-12	Rickie	Aquas	shamilton@donware.com	1	0
233	2018-11-12	Kallie	Strassner	gjeanty@faxquote.com	0	1
234	2018-11-13	Skye	Chaffins	rdhamer@donware.com	1	0
235	2018-11-13	Thaddeus	Hughey	sparvis@zumgoity.com	1	0
236	2018-11-14	Detra	Rim	pheintzman@sunnamplex.com	1	0
237	2018-11-14	Antione	Tomblin	tarceo@stanredtax.com	0	1
238	2018-11-15			fweirather@warephase.com	1	0
239	2018-11-15	Ceola	Lace	tmiceli@zathunicon.com	0	1
240	2018-11-15	Novella	Hirpara	kgabisi@opentech.com	1	0
241	2018-11-16	Detra	Lace	spinilla@zoomit.com	1	0
242	2018-11-16	Merlyn	Oldroyd	cmanno@donquadtech.com	1	0
243	2018-11-19	Rikki	Hollack	kamigon@faxquote.com	1	0
244	2018-11-19	Quentin	Wildfong	mshields@iselectrics.com	1	0
245	2018-11-20	Sabra	Dilliard	rasar@lexiqvolax.com	1	0
246	2018-11-20	Lizbeth	Cronauer	tmeteer@zumgoity.com	1	0
247	2018-11-21	Meaghan	Samu	fstorment@mathtouch.com	1	0
248	2018-11-21	Fatima	Berlanga	lragel@gogozoom.com	1	0
249	2018-11-21			fchesterfield@condax.com	1	0
250	2018-11-22	Leslie	Papasergi	erodefer@codehow.com	0	1
251	2018-11-22	Regenia	Perez	epaa@hatfan.com	1	0
252	2018-11-23	Heike	Asar	mfallick@ontomedia.com	1	0
253	2018-11-23	Bette	Diestel	fchesterfield@condax.com	0	1
254	2018-11-23	Denise	Frankel	lfern@zumgoity.com	0	1
255	2018-11-26			sdilliard@faxquote.com	1	0
256	2018-11-26	Fatima	Chesterfield	mshire@statholdings.com	1	0
257	2018-11-27			vborgman@groovestreet.com	1	0
258	2018-11-27	Marjory	Burnard	cschieler@rangreen.com	1	0
259	2018-11-27	Tiera	Toelkes	dbruschke@betasoloin.com	0	1
260	2018-11-28	Sheron	Paa	shoogland@kan-code.com	1	0
261	2018-11-29	Reena	Lukasik	jnicolozakes@plexzap.com	0	1
262	2018-11-30	Van	Degonia	vborgman@groovestreet.com	1	0
263	2018-11-30	Bok	Ferrario	pyum@mathtouch.com	0	1
264	2018-12-03	Carissa	Coody	apaprocki@gogozoom.com	1	0
265	2018-12-03	Jerry	Nestle	lfillingim@konex.com	1	0
266	2018-12-04	Felix	Storment	apaprocki@gogozoom.com	1	0
267	2018-12-04	Franklyn	Nachor	thughey@statholdings.com	1	0
268	2018-12-04	Refugia	Sweely	bscheyer@isdom.com	1	0
269	2018-12-05	Xuan	Dubaldi	tarceo@stanredtax.com	1	0
270	2018-12-05	Lai	Manno	mshire@statholdings.com	1	0
271	2018-12-06	Annabelle	Harnos	fmorocco@toughzap.com	1	0
272	2018-12-06	Izetta	Thyberg	sshadrick@scotfind.com	0	1
273	2018-12-06	Mitsue	Kitzman	nplumer@doncon.com	1	0
274	2018-12-07	Merlyn	Sturiale	candreason@donquadtech.com	1	0
275	2018-12-07			ythyberg@openlane.com	1	0
276	2018-12-07	Gail	Buzick	candreason@donquadtech.com	0	1
277	2018-12-10	Art	Gellinger	tbuzick@kinnamplus.com	0	1
278	2018-12-10	Dean	Luczki	remigh@ganjaflex.com	1	0
279	2018-12-11			tkines@zotware.com	1	0
280	2018-12-12	Alline	Gillaspie	tmeteer@zumgoity.com	1	0
281	2018-12-12			fweirather@warephase.com	1	0
282	2018-12-12	Hubert	Royster	jneither@statholdings.com	1	0
283	2018-12-13	Xochitl	Heintzman	jnicolozakes@plexzap.com	1	0
284	2018-12-13	Deonna	Gwalthney	rdhamer@donware.com	1	0
285	2018-12-13	Carissa	Pelkowski	awenner@openlane.com	1	0
286	2018-12-14	Cecily	Newville	grestrepo@blackzim.com	0	1
287	2018-12-14	Elvera	Craghead	tkarpel@plussunin.com	1	0
288	2018-12-17	Marjory	Hoffis	mscriven@singletechno.com	1	0
289	2018-12-17	Derick	Lace	rkannady@rundofase.com	1	0
290	2018-12-17	Delisa	Angalich	sbrucato@bioholding.com	1	0
291	2018-12-18	Krissy	Harabedian	lhalsey@plexzap.com	1	0
292	2018-12-18	Elke	Bourbon	vhixenbaugh@green-plus.com	1	0
293	2018-12-19	Howard	Kalafatis	ecraghead@zathunicon.com	1	0
294	2018-12-19			tkorando@kinnamplus.com	1	0
295	2018-12-20			kscheyer@conecom.com	1	0
296	2018-12-20	Rolland	Maynerich	cturinetti@goodsilron.com	1	0
297	2018-12-20	Simona	Andreason	epaa@hatfan.com	0	1
298	2018-12-21	Alline	Andreason	erodefer@codehow.com	1	0
299	2018-12-21	Timothy	Degroot	awenner@openlane.com	1	0
300	2018-12-21	Britt	Tolfree	ylueckenbach@bioholding.com	1	0
301	2018-12-24	Olive	Flosi	rbilden@zathunicon.com	1	0
302	2018-12-24			mcorrington@faxquote.com	1	0
303	2018-12-25	Shawnda	Wieser	sgudroe@donware.com	0	1
304	2018-12-25	Ashlyn	Hauenstein	lsaylors@iselectrics.com	1	0
305	2018-12-26	Lenna	Breland	mgesick@hatfan.com	1	0
306	2018-12-27			mfallick@ontomedia.com	0	1
307	2018-12-27			cfrey@scotfind.com	1	0
308	2018-12-28	Penney	Rhymes	jmerced@codehow.com	1	0
309	2018-12-28	Jolanda	Mirafuentes	shoogland@kan-code.com	1	0
310	2018-12-31	Cassi	Grenet	kknipp@cancity.com	1	0
311	2018-12-31			sgillian@betasoloin.com	1	0
312	2019-01-01	Kate	Acuff	fweirather@warephase.com	0	1
313	2019-01-01			mschmaltz@zencorporation.com	1	0
314	2019-01-02	Barrett	Pelkowski	gkusko@scottech.com	0	1
315	2019-01-03	Jina	Venere	cseewald@xx-holding.com	0	1
316	2019-01-03	Haydee	Vonasek	mfallick@ontomedia.com	0	1
317	2019-01-04	Melodie	Oldroyd	lcolla@condax.com	1	0
318	2019-01-04	Mattie	Lawler	mwaymire@hatfan.com	1	0
319	2019-01-07	Youlanda	Mconnell	ikampa@rundofase.com	0	1
320	2019-01-07	Erinn	Stenseth	lragel@gogozoom.com	1	0
321	2019-01-07			mkiel@dambase.com	0	1
322	2019-01-08			lvanausdal@codehow.com	1	0
323	2019-01-08	Paris	Yum	pyum@mathtouch.com	1	0
324	2019-01-08	Hillary	Stuer	cschieler@rangreen.com	1	0
325	2019-01-09	Krissy	Hellickson	aharabedian@newex.com	1	0
326	2019-01-10	Erinn	Biddy	ttolfree@iselectrics.com	1	0
327	2019-01-10	Mari	Arceo	remigh@ganjaflex.com	0	1
328	2019-01-11	Tegan	Mconnell	aharabedian@newex.com	1	0
329	2019-01-11	Regenia	Sarbacher	fchesterfield@condax.com	1	0
330	2019-01-14	Youlanda	Lother	tkines@zotware.com	1	0
331	2019-01-14	Lashaunda	Harabedian	tkarpel@plussunin.com	1	0
332	2019-01-14	Stevie	Hamilton	grestrepo@blackzim.com	1	0
333	2019-01-15			jneither@statholdings.com	1	0
334	2019-01-15	Nichelle	Mugnolo	aharnos@treequote.com	1	0
335	2019-01-15	Paris	Tjepkema	awenner@openlane.com	1	0
336	2019-01-16	Sue	Brossart	goles@newex.com	1	0
337	2019-01-16	Marguerita	Scriven	rkannady@rundofase.com	1	0
338	2019-01-16	Natalie	Farrar	rdaufeldt@zencorporation.com	0	1
339	2019-01-17	Gail	Auffrey	vhalter@stanredtax.com	1	0
340	2019-01-17			aharabedian@newex.com	1	0
341	2019-01-18	Nana	Chickering	jturinetti@toughzap.com	1	0
342	2019-01-18	Gearldine	Kines	nsmith@rangreen.com	1	0
343	2019-01-21	Laticia	Weirather	cgrenet@warephase.com	1	0
344	2019-01-21	Alpha	Stenseth	chalsey@kinnamplus.com	1	0
345	2019-01-22	Maryann	Nayar	mloder@rantouch.com	1	0
346	2019-01-22			sdilliard@faxquote.com	1	0
347	2019-01-22	Alesia	Comnick	sgudroe@donware.com	1	0
348	2019-01-23			awenner@openlane.com	1	0
349	2019-01-23	Junita	Pedrozo	tnicolozakes@goodsilron.com	1	0
350	2019-01-23	Edna	Grenet	gyori@ganjaflex.com	1	0
351	2019-01-24	Ashlyn	Dewar	grestrepo@blackzim.com	1	0
352	2019-01-24	Jose	Wiklund	taquas@streethex.com	0	1
353	2019-01-24	Leatha	Iturbide	mkiel@dambase.com	1	0
354	2019-01-25	Mariann	Kiel	sbrucato@bioholding.com	1	0
355	2019-01-25	Lindsey	Riden	apaprocki@gogozoom.com	0	1
356	2019-01-25	Elza	Papasergi	dschmaltz@scotfind.com	0	1
357	2019-01-28	Deandrea	Bartolet	lhalsey@plexzap.com	1	0
358	2019-01-28	Britt	Neither	mshire@statholdings.com	1	0
359	2019-01-28	Corinne	Stockham	cturinetti@goodsilron.com	1	0
360	2019-01-29	Corinne	Bolognia	wklusman@hottechi.com	1	0
361	2019-01-29	Cristy	Pedrozo	goles@newex.com	1	0
362	2019-01-29	Elly	Adkin	ffrancescon@finjob.com	1	0
363	2019-01-30	Youlanda	Lueckenbach	vhixenbaugh@green-plus.com	1	0
364	2019-01-30	Jerry	Malet	swaymire@gogozoom.com	1	0
365	2019-01-30	Mariann	Emard	mkiel@dambase.com	0	1
366	2019-01-31	Devora	Moyd	mshields@iselectrics.com	1	0
367	2019-02-01	Malcolm	Gleich	cturinetti@goodsilron.com	1	0
368	2019-02-04			oturinetti@dambase.com	0	1
369	2019-02-04	Jolene	Shire	sscipione@toughzap.com	1	0
370	2019-02-05	Avery	Fritz	lfillingim@konex.com	1	0
371	2019-02-05			grestrepo@blackzim.com	1	0
372	2019-02-06	Rasheeda	Palaia	vborgman@groovestreet.com	0	0
373	2019-02-06	Nicolette	Haufler	lwide@mathtouch.com	0	1
374	2019-02-06	Mariann	Waymire	tbuzick@kinnamplus.com	1	0
375	2019-02-07			fmunns@betasoloin.com	1	0
376	2019-02-07	Sylvie	Miceli	rpugh@kinnamplus.com	1	0
377	2019-02-07	Kris	Bevelacqua	pyum@mathtouch.com	1	0
378	2019-02-08	Kaitlyn	Gudroe	nschmierer@zathunicon.com	1	0
379	2019-02-08			lfillingim@konex.com	1	0
380	2019-02-11	Amber	Chui	tmiceli@zathunicon.com	1	0
381	2019-02-11	Jamal	Saras	ewrinkles@zotware.com	1	0
382	2019-02-12	Pamella	Upthegrove	mwaymire@hatfan.com	0	0
383	2019-02-12	Earleen	Perigo	jmerced@codehow.com	1	0
384	2019-02-13	Wilda	Oles	lsengbusch@plusstrip.com	1	0
385	2019-02-13			erodefer@codehow.com	0	1
386	2019-02-13	Tamar	Heimann	goles@newex.com	1	0
387	2019-02-14	Dalene	Isenhower	goles@newex.com	1	0
388	2019-02-15	Kate	Bayless	mschmaltz@zencorporation.com	1	0
389	2019-02-18			chughey@gogozoom.com	1	0
390	2019-02-18	Arlette	Frerking	gjeanty@faxquote.com	1	0
391	2019-02-19			kamigon@faxquote.com	1	0
392	2019-02-19	Levi	Kardas	cmaclead@ron-tech.com	1	0
393	2019-02-19	Daniel	Malet	jostrosky@donware.com	0	1
394	2019-02-19	Kristofer	Hauenstein	oturinetti@dambase.com	0	1
395	2019-02-20	Derick	Hughey	ylueckenbach@bioholding.com	1	0
396	2019-02-20			fweirather@warephase.com	1	0
397	2019-02-20			amodzelewski@donware.com	1	0
398	2019-02-21	Danica	Springe	nschmierer@zathunicon.com	1	0
399	2019-02-21	Catarina	Pagliuca	rdhamer@donware.com	1	0
400	2019-02-22	Skye	Lorens	hnachor@stanredtax.com	1	0
401	2019-02-22			aharabedian@newex.com	0	1
402	2019-02-22	Josphine	Scriven	erodefer@codehow.com	1	0
403	2019-02-25	Jose	Saylors	tnicolozakes@goodsilron.com	1	0
404	2019-02-25	Marti	Chaffins	tmeteer@zumgoity.com	1	0
405	2019-02-26	Jerry	Drymon	tweglarz@betatech.com	0	1
406	2019-02-26	Alesia	Claucherty	tnicolozakes@goodsilron.com	1	0
407	2019-02-27	Youlanda	Garufi	ikampa@rundofase.com	1	0
408	2019-02-27	Izetta	Frey	gjeanty@faxquote.com	1	0
409	2019-02-27	Alecia	Rulapaugh	rdhamer@donware.com	0	1
410	2019-02-28	Roosevelt	Dilello	fstorment@mathtouch.com	1	0
411	2019-02-28	Whitley	Nicolozakes	tkines@zotware.com	1	0
412	2019-03-01			ikampa@rundofase.com	1	0
413	2019-03-01	Theodora	Haroldson	nschmierer@zathunicon.com	1	0
414	2019-03-04	Evangelina	Treston	mkiel@dambase.com	1	0
415	2019-03-04	Dyan	Ragel	rdaufeldt@zencorporation.com	1	0
416	2019-03-04	Leota	Hauenstein	cfrey@scotfind.com	1	0
417	2019-03-05	Louisa	Klang	cankeny@hottechi.com	0	0
418	2019-03-05	Myra	Shealy	mlietz@openlane.com	1	0
419	2019-03-05	Annmarie	Coyier	agudroe@rantouch.com	1	0
420	2019-03-06	Teddy	Grenet	bscheyer@isdom.com	1	0
421	2019-03-06	Janey	Caiafa	tnicolozakes@goodsilron.com	1	0
422	2019-03-07	Cyril	Motley	hnachor@stanredtax.com	1	0
423	2019-03-07	Simona	Mulqueen	vhixenbaugh@green-plus.com	1	0
424	2019-03-08	Kati	Diestel	jmerced@codehow.com	1	0
425	2019-03-11			mdiscipio@rundofase.com	1	0
426	2019-03-11			fmunns@betasoloin.com	1	0
427	2019-03-11	Lettie	Fritz	mshire@statholdings.com	1	0
428	2019-03-12			jmerced@codehow.com	1	0
429	2019-03-12			jnicolozakes@plexzap.com	1	0
430	2019-03-13	Larae	Maclead	rcantres@treequote.com	1	0
431	2019-03-13	Joseph	Samu	tmeteer@zumgoity.com	1	0
432	2019-03-14	Josphine	Nievas	lragel@gogozoom.com	0	0
433	2019-03-14	Nan	Isaacs	goles@newex.com	0	1
434	2019-03-15	Jade	Ostrosky	epaa@hatfan.com	1	0
435	2019-03-18			nriden@plussunin.com	1	0
436	2019-03-18	Tegan	Colla	fmorocco@toughzap.com	0	0
437	2019-03-18	Kanisha	Mugnolo	ikampa@rundofase.com	1	0
438	2019-03-18	Salena	Miceli	nriden@plussunin.com	0	1
439	2019-03-19	Raul	Berray	tmiceli@zathunicon.com	0	1
440	2019-03-19	Willow	Oles	lcolla@condax.com	1	0
441	2019-03-20	Viola	Chavous	fmorocco@toughzap.com	1	0
442	2019-03-20	Helga	Callaro	tmiceli@zathunicon.com	0	1
443	2019-03-21	Eden	Ankeny	tsuell@ganjaflex.com	0	0
444	2019-03-21	Tamar	Nicolozakes	aharabedian@newex.com	1	0
445	2019-03-21	Van	Breland	goles@newex.com	0	1
446	2019-03-22	Winfred	Lipkin	tarceo@stanredtax.com	1	0
447	2019-03-22	Annabelle	Klimek	cschoeneck@bioplex.com	1	0
448	2019-03-22	Pete	Maisto	mshadrick@statholdings.com	0	0
449	2019-03-25	Derick	Tolfree	vborgman@groovestreet.com	1	0
450	2019-03-25	Jamal	Latzke	aharnos@treequote.com	1	0
451	2019-03-26	Kayleigh	Craghead	mscriven@singletechno.com	0	1
452	2019-03-26	Elly	Craghead	lhalsey@plexzap.com	1	0
453	2019-03-27	Alyce	Meteer	lehmann@plusstrip.com	0	1
454	2019-03-27	Margart	Maynerich	hpagliuca@rundofase.com	1	0
455	2019-03-27	Carmela	Sengbusch	sgudroe@donware.com	1	0
456	2019-03-28			mmoyd@lexiqvolax.com	1	0
457	2019-03-29	Cyndy	Dorshorst	sscipione@toughzap.com	1	0
458	2019-03-29	Shalon	Dorshorst	awenner@openlane.com	1	0
459	2019-04-01	Rolland	Pugh	gyori@ganjaflex.com	1	0
460	2019-04-01	Rebecka	Hagele	tbuzick@kinnamplus.com	0	1
461	2019-04-01			cankeny@hottechi.com	1	0
462	2019-04-02	Lorrie	Morocco	sscipione@toughzap.com	0	0
463	2019-04-02	Yolando	Louissant	mdiscipio@rundofase.com	1	0
464	2019-04-02	Sheron	Haroldson	pheintzman@sunnamplex.com	0	1
465	2019-04-03	Lucina	Koppinger	lweirather@condax.com	1	0
466	2019-04-04	Venita	Hollack	oturinetti@dambase.com	1	0
467	2019-04-04	Mitsue	Pagliuca	mgesick@hatfan.com	1	0
468	2019-04-05	Delmy	Farrow	sparvis@zumgoity.com	0	1
469	2019-04-05	Carma	Ankeny	sgillian@betasoloin.com	1	0
470	2019-04-08	Olive	Luczki	jneither@statholdings.com	0	1
471	2019-04-08	Louisa	Kippley	cturinetti@goodsilron.com	0	1
472	2019-04-09	Devorah	Rauser	cmanno@donquadtech.com	1	0
473	2019-04-09	Weldon	Seewald	thughey@statholdings.com	1	0
474	2019-04-09			tmiceli@zathunicon.com	0	1
475	2019-04-10	Valentine	Hengel	epaa@hatfan.com	1	0
476	2019-04-10			kgabisi@opentech.com	0	1
477	2019-04-10	Glen	Smith	sdilliard@faxquote.com	1	0
478	2019-04-11	Maryann	Kohnert	tmeteer@zumgoity.com	1	0
479	2019-04-11			chalsey@kinnamplus.com	0	1
480	2019-04-11	Tiffiny	Waycott	tmeteer@zumgoity.com	1	0
481	2019-04-12	Georgene	Oles	ffrancescon@finjob.com	0	1
482	2019-04-15	Gregoria	Skulski	awenner@openlane.com	1	0
483	2019-04-15	Lonny	Haroldson	sscipione@toughzap.com	1	0
484	2019-04-16	Helene	Sweigard	shamilton@donware.com	1	0
485	2019-04-16	Gayla	Gleich	hmirafuentes@toughzap.com	0	1
486	2019-04-17	Kristeen	Cetta	vsayaphon@dontechi.com	1	0
487	2019-04-17			ttolfree@iselectrics.com	0	1
488	2019-04-17	Bernardine	Brucato	ikampa@rundofase.com	1	0
489	2019-04-18	Nan	Denooyer	grestrepo@blackzim.com	1	0
490	2019-04-18			hweirather@lexiqvolax.com	1	0
491	2019-04-18	Helga	Mirafuentes	rcantres@treequote.com	0	1
492	2019-04-18	Louisa	Candlish	lcolla@condax.com	1	0
493	2019-04-19	Mona	Keneipp	rdilello@sunnamplex.com	1	0
494	2019-04-22	Carey	Harabedian	cfrey@scotfind.com	1	0
495	2019-04-22			nschmierer@zathunicon.com	0	1
496	2019-04-22	Charlene	Foller	jostrosky@donware.com	0	1
497	2019-04-23	Marjory	Slusarski	lsaylors@iselectrics.com	1	0
498	2019-04-23	Tonette	Frankel	vhalter@stanredtax.com	1	0
499	2019-04-24	Beatriz	Karpin	pyum@mathtouch.com	0	1
500	2019-04-24	Leonida	Adkin	hnachor@stanredtax.com	1	0
501	2019-04-25			jneither@statholdings.com	1	0
502	2019-04-25	Jennie	Vizarro	gkusko@scottech.com	1	0
503	2019-04-25	Lizette	Stimmel	shoogland@kan-code.com	1	0
504	2019-04-26	Deonna	Steffensmeier	oturinetti@dambase.com	0	0
505	2019-04-26	Fatima	Toelkes	tmeteer@zumgoity.com	0	1
506	2019-04-29	Melodie	Luczki	gjeanty@faxquote.com	1	0
507	2019-04-30	Nelida	Rentfro	emallett@donquadtech.com	0	0
508	2019-04-30	Fabiola	Bubash	goles@newex.com	0	0
509	2019-05-01	Katina	Benimadho	lstimmel@j-texon.com	1	0
510	2019-05-01	Clorinda	Hirpara	lcandlish@domzoom.com	0	0
511	2019-05-02	Abel	Amyot	nplumer@doncon.com	0	1
512	2019-05-02	Ma	Shields	ewrinkles@zotware.com	0	1
513	2019-05-02	Golda	Hellickson	candreason@donquadtech.com	1	0
514	2019-05-03	Lenna	Grenet	lcolla@condax.com	0	1
515	2019-05-03	Stephane	Kalafatis	mschmaltz@zencorporation.com	1	0
516	2019-05-03	Beatriz	Semidey	oturinetti@dambase.com	1	0
517	2019-05-06	Andra	Craghead	oturinetti@dambase.com	0	1
518	2019-05-06			lhalsey@plexzap.com	0	1
519	2019-05-07	Eun	Berganza	vketelsen@finhigh.com	0	1
520	2019-05-07	Kanisha	Harnos	ythyberg@openlane.com	1	0
521	2019-05-07	Rasheeda	Acey	mscriven@singletechno.com	1	0
522	2019-05-08	Peggie	Martabano	pyum@mathtouch.com	0	1
523	2019-05-08	Nobuko	Mulqueen	apaprocki@gogozoom.com	1	0
524	2019-05-08	Rikki	Hoffis	lstimmel@j-texon.com	0	1
525	2019-05-09	Carma	Riopelle	lragel@gogozoom.com	0	0
526	2019-05-09	Adell	Loader	tmeteer@zumgoity.com	0	1
527	2019-05-09			rbilden@zathunicon.com	1	0
528	2019-05-10			chughey@gogozoom.com	0	1
529	2019-05-10	Nichelle	Riden	gkusko@scottech.com	0	0
530	2019-05-10	Valentine	Wide	ylueckenbach@bioholding.com	0	0
531	2019-05-13			nschmierer@zathunicon.com	1	0
532	2019-05-13	Shonda	Nicka	dmalet@openlane.com	1	0
533	2019-05-13	Timothy	Yglesias	bscheyer@isdom.com	1	0
534	2019-05-14	Bulah	Schoeneck	mloder@rantouch.com	1	0
535	2019-05-14	Merilyn	Meisel	ameteer@doncon.com	0	0
536	2019-05-14	Izetta	Julia	cschieler@rangreen.com	0	1
537	2019-05-15	Sharen	Fillingim	tnicolozakes@goodsilron.com	1	0
538	2019-05-15	Micaela	Buemi	bscheyer@isdom.com	1	0
539	2019-05-16	Alisha	Eschberger	ylueckenbach@bioholding.com	1	0
540	2019-05-16	Ammie	Polidori	tkarpel@plussunin.com	0	0
541	2019-05-17	Marvel	Skulski	mshields@iselectrics.com	1	0
542	2019-05-17	Cecil	Rodefer	swaymire@gogozoom.com	1	0
543	2019-05-17	Nobuko	Paulas	jmerced@codehow.com	1	0
544	2019-05-20			evanausdal@konex.com	1	0
545	2019-05-20	Becky	Buzick	mschmaltz@zencorporation.com	1	0
546	2019-05-20			fweirather@warephase.com	0	0
547	2019-05-21	Gail	Fredicks	cseewald@xx-holding.com	1	0
548	2019-05-21	Shenika	Dinos	nschmierer@zathunicon.com	1	0
549	2019-05-22	Audry	Fallick	cgrenet@warephase.com	1	0
550	2019-05-22	Tiffiny	Korando	tboord@iselectrics.com	1	0
551	2019-05-23	Tegan	Springe	lragel@gogozoom.com	0	0
552	2019-05-23			vhixenbaugh@green-plus.com	1	0
553	2019-05-24	Ernie	Bowley	tnicolozakes@goodsilron.com	1	0
554	2019-05-24	Bernardo	Nicka	shamilton@donware.com	1	0
555	2019-05-27	Fletcher	Gotter	aeschberger@golddex.com	0	0
556	2019-05-27	Ty	Raymo	mwaymire@hatfan.com	1	0
557	2019-05-27			cseewald@xx-holding.com	1	0
558	2019-05-28	Lai	Cloney	jmerced@codehow.com	0	0
559	2019-05-28	Bobbye	Strassner	shoogland@kan-code.com	1	0
560	2019-05-29	Daniel	Seewald	awenner@openlane.com	0	0
561	2019-05-29	Viola	Halter	nriden@plussunin.com	1	0
562	2019-05-30	Melissa	Gillaspie	lhalsey@plexzap.com	0	0
563	2019-05-31	Johnetta	Poquette	cankeny@hottechi.com	0	0
564	2019-05-31	Antione	Coyier	mfallick@ontomedia.com	1	0
565	2019-05-31	Solange	Limmel	lragel@gogozoom.com	1	0
566	2019-06-03	Rebecka	Biddy	kscheyer@conecom.com	1	0
567	2019-06-04	Barrett	Worlds	rasar@lexiqvolax.com	1	0
568	2019-06-04	Merilyn	Bruschke	mshadrick@statholdings.com	1	0
569	2019-06-05	Clorinda	Manno	rdhamer@donware.com	0	0
570	2019-06-05	Izetta	Albares	agudroe@rantouch.com	1	0
571	2019-06-06			tmiceli@zathunicon.com	1	0
572	2019-06-06	Nobuko	Gillian	lweirather@condax.com	1	0
573	2019-06-06	Lai	Devreese	cseewald@xx-holding.com	1	0
574	2019-06-07	Clay	Pugh	dmaile@gogozoom.com	1	0
575	2019-06-07	Bobbye	Gochal	evanausdal@konex.com	1	0
576	2019-06-10	Novella	Plumer	pheintzman@sunnamplex.com	1	0
577	2019-06-11	Cheryl	Cryer	ythyberg@openlane.com	0	0
578	2019-06-11	Rolande	Sergi	lscheyer@sonron.com	1	0
579	2019-06-12	Lenna	Threets	lcandlish@domzoom.com	0	1
580	2019-06-12			pheintzman@sunnamplex.com	0	1
581	2019-06-12	Jesusa	Ankeny	tmiceli@zathunicon.com	1	0
582	2019-06-13	France	Tillotson	tkines@zotware.com	0	1
583	2019-06-13	Minna	Hoopengardner	sbrucato@bioholding.com	0	1
584	2019-06-13	Filiberto	Melnyk	ikampa@rundofase.com	1	0
585	2019-06-14			lfern@zumgoity.com	0	1
586	2019-06-14	Willodean	Maillard	mpinilla@ganjaflex.com	1	0
587	2019-06-17	Ernie	Rodefer	emallett@donquadtech.com	1	0
588	2019-06-17	Jacqueline	Zagen	chalsey@kinnamplus.com	0	0
589	2019-06-18	Nichelle	Acey	gyori@ganjaflex.com	0	0
590	2019-06-18	Rebecka	Keetch	vhixenbaugh@green-plus.com	1	0
591	2019-06-19	Xuan	Juvera	sshadrick@scotfind.com	0	1
592	2019-06-19	Glen	Merced	lhalsey@plexzap.com	0	0
593	2019-06-20	Jolanda	Discipio	grestrepo@blackzim.com	0	0
594	2019-06-20	Annelle	Pinilla	sparvis@zumgoity.com	1	0
595	2019-06-21	Chauncey	Mallett	cseewald@xx-holding.com	0	1
596	2019-06-21			lcandlish@domzoom.com	1	0
597	2019-06-24	Theola	Kines	ffrancescon@finjob.com	0	0
598	2019-06-24	Elke	Lace	nplumer@doncon.com	0	0
599	2019-06-24			mshadrick@statholdings.com	1	0
600	2019-06-25	Lonny	Stimmel	vhalter@stanredtax.com	1	0
601	2019-06-25	Corinne	Onofrio	tnicolozakes@goodsilron.com	1	0
602	2019-06-25			mdiscipio@rundofase.com	0	1
603	2019-06-26	Solange	Blunk	nschmierer@zathunicon.com	0	0
604	2019-06-26	Daren	Similton	tboord@iselectrics.com	0	0
605	2019-06-27			epaa@hatfan.com	1	0
606	2019-06-27	Beatriz	Sengbusch	sshadrick@scotfind.com	1	0
607	2019-06-28	Ty	Maynerich	tarceo@stanredtax.com	1	0
608	2019-06-28	Kaitlyn	Keneipp	mlietz@openlane.com	0	1
609	2019-06-28			liturbide@openlane.com	0	1
610	2019-07-01	Glen	Yori	dschmaltz@scotfind.com	1	0
611	2019-07-01			chalsey@kinnamplus.com	1	0
612	2019-07-02			thughey@statholdings.com	1	0
613	2019-07-02	Karl	Schoeneck	cturinetti@goodsilron.com	1	0
614	2019-07-03			nriden@plussunin.com	1	0
615	2019-07-03	Shenika	Rodeigues	fmunns@betasoloin.com	1	0
616	2019-07-03	Stephaine	Corrington	epaa@hatfan.com	1	0
617	2019-07-04	Shawna	Schemmer	cgrenet@warephase.com	1	0
618	2019-07-04	Hermila	Weglarz	sbrucato@bioholding.com	1	0
619	2019-07-05			ttolfree@iselectrics.com	1	0
620	2019-07-08	Alishia	Acey	rdhamer@donware.com	0	0
621	2019-07-08			rasar@lexiqvolax.com	0	0
622	2019-07-09	Ty	Munis	pheintzman@sunnamplex.com	0	1
623	2019-07-09			kscheyer@conecom.com	1	0
624	2019-07-10	Daren	Rowling	oturinetti@dambase.com	1	0
625	2019-07-10	Markus	Moyd	mdiscipio@rundofase.com	1	0
626	2019-07-11			clary@scotfind.com	1	0
627	2019-07-11			tboord@iselectrics.com	0	0
628	2019-07-11			lcolla@condax.com	0	0
629	2019-07-12	Freeman	Varriano	lfillingim@konex.com	0	0
630	2019-07-12	Shawnda	Ogg	mgesick@hatfan.com	0	1
631	2019-07-15	Blondell	Kohl	goles@newex.com	0	0
632	2019-07-15	Daron	Fern	cgrenet@warephase.com	0	0
633	2019-07-16	Pamella	Agramonte	cturinetti@goodsilron.com	1	0
634	2019-07-17	Mitsue	Bolognia	jnicolozakes@plexzap.com	1	0
635	2019-07-17	Annmarie	Tromblay	aeschberger@golddex.com	1	0
636	2019-07-18	Ammie	Pinilla	taquas@streethex.com	1	0
637	2019-07-18	Gertude	Mauson	lvanausdal@codehow.com	0	0
638	2019-07-18	Vincent	Reitler	tnicolozakes@goodsilron.com	0	1
639	2019-07-19	Hubert	Bitsuie	sshadrick@scotfind.com	1	0
640	2019-07-19	Karl	Kulzer	liturbide@openlane.com	1	0
641	2019-07-22	Ciara	Linahan	swaymire@gogozoom.com	1	0
642	2019-07-22	Lilli	Gleich	epaa@hatfan.com	1	0
643	2019-07-22			mschmaltz@zencorporation.com	1	0
644	2019-07-23	Ammie	Husser	sparvis@zumgoity.com	0	0
645	2019-07-23	Roxane	Lizama	pyum@mathtouch.com	1	0
646	2019-07-23	Cammy	Hamilton	lsaylors@iselectrics.com	0	1
647	2019-07-24	Corinne	Schieler	lvanausdal@codehow.com	1	0
648	2019-07-24	Izetta	Monarrez	chalsey@kinnamplus.com	1	0
649	2019-07-24	Cassi	Shire	tnicolozakes@goodsilron.com	1	0
650	2019-07-24	Lili	Berray	gkusko@scottech.com	0	0
651	2019-07-25	Raina	Karpel	vhalter@stanredtax.com	0	0
652	2019-07-26	Arminda	Skulski	fmunns@betasoloin.com	1	0
653	2019-07-26	Alline	Nievas	lstimmel@j-texon.com	1	0
654	2019-07-26	Cristy	Bolognia	aandreason@year-job.com	1	0
655	2019-07-26	Virgie	Maisto	mcorrington@faxquote.com	0	1
656	2019-07-29			kgabisi@opentech.com	0	0
657	2019-07-29	Salena	Scipione	tkines@zotware.com	1	0
658	2019-07-30	Felix	Konopacki	aharnos@treequote.com	0	0
659	2019-07-30	Jose	Bolognia	costolaza@goodsilron.com	0	0
660	2019-07-31	Gladys	Berlanga	rdaufeldt@zencorporation.com	0	0
661	2019-07-31	Amie	Mondella	rdhamer@donware.com	1	0
662	2019-07-31	Dean	Meinerding	thughey@statholdings.com	0	0
663	2019-08-01	Glory	Schnitzler	jostrosky@donware.com	0	0
664	2019-08-01	Tiffiny	Lietz	grestrepo@blackzim.com	1	0
665	2019-08-01	Jutta	Saulter	liturbide@openlane.com	0	1
666	2019-08-01	Charlene	Maclead	remigh@ganjaflex.com	0	1
667	2019-08-02			dmalet@openlane.com	0	0
668	2019-08-02	Erick	Radde	mwaymire@hatfan.com	1	0
669	2019-08-05	Fatima	Bitsuie	mshire@statholdings.com	0	0
670	2019-08-05	Ilene	Threets	tkorando@kinnamplus.com	0	1
671	2019-08-06	Cecilia	Gesick	lstimmel@j-texon.com	1	0
672	2019-08-07			mscriven@singletechno.com	0	0
673	2019-08-07	Loren	Rentfro	fmorocco@toughzap.com	0	0
674	2019-08-07	Dorthy	Kines	mshadrick@statholdings.com	1	0
675	2019-08-08			mdiscipio@rundofase.com	1	0
676	2019-08-08	Marge	Mondella	pheintzman@sunnamplex.com	1	0
677	2019-08-09	Tiffiny	Modzelewski	pyum@mathtouch.com	1	0
678	2019-08-09	Amber	Harnos	vketelsen@finhigh.com	0	0
679	2019-08-09	Merissa	Weglarz	lehmann@plusstrip.com	0	0
680	2019-08-12	Jesusita	Kusko	mcorrington@faxquote.com	1	0
681	2019-08-12	Carey	Vanheusen	nschmierer@zathunicon.com	1	0
682	2019-08-13	Jennifer	Gwalthney	fmorocco@toughzap.com	0	1
683	2019-08-13	Mirta	Hamilton	candreason@donquadtech.com	0	0
684	2019-08-13	Rolande	Tegarden	vhixenbaugh@green-plus.com	0	1
685	2019-08-13			cschieler@rangreen.com	0	1
686	2019-08-14	Dierdre	Darakjy	chughey@gogozoom.com	0	0
687	2019-08-14	Talia	Nabours	sscipione@toughzap.com	0	1
688	2019-08-15	Regenia	Daufeldt	emallett@donquadtech.com	1	0
689	2019-08-15	Kallie	Strassner	ecraghead@zathunicon.com	1	0
690	2019-08-15	Theodora	Zane	nschmierer@zathunicon.com	0	0
691	2019-08-15	Colette	Lukasik	cschoeneck@bioplex.com	1	0
692	2019-08-16	Carissa	Farrar	chalsey@kinnamplus.com	1	0
693	2019-08-16	Tyra	Aquas	nschmierer@zathunicon.com	1	0
694	2019-08-19	Virgina	Keener	amodzelewski@donware.com	1	0
695	2019-08-19			goles@newex.com	1	0
696	2019-08-19	Ilene	Parlato	taquas@streethex.com	0	0
697	2019-08-20	Ligia	Fallick	rdilello@sunnamplex.com	1	0
698	2019-08-20	Shonda	Dubaldi	sgillian@betasoloin.com	1	0
699	2019-08-20	Samira	Mconnell	ffrancescon@finjob.com	0	0
700	2019-08-20	Theodora	Reitler	tkorando@kinnamplus.com	0	0
701	2019-08-21	Theola	Madarang	hnachor@stanredtax.com	1	0
702	2019-08-21	Thurman	Zepp	cschieler@rangreen.com	0	1
703	2019-08-22	Vilma	Hixenbaugh	jdrymon@kan-code.com	1	0
704	2019-08-22	Timothy	Kines	vsayaphon@dontechi.com	1	0
705	2019-08-22	Buddy	Berray	kgabisi@opentech.com	0	0
706	2019-08-22	Bernardine	Degroot	fcoyier@fasehatice.com	1	0
707	2019-08-23			kgabisi@opentech.com	0	0
708	2019-08-23	Shawnda	Tegarden	hmirafuentes@toughzap.com	0	0
709	2019-08-26	Keneth	Stenseth	mfallick@ontomedia.com	0	0
710	2019-08-26	Kenneth	Juhas	nplumer@doncon.com	1	0
711	2019-08-26			aeschberger@golddex.com	1	0
712	2019-08-27	Mitsue	Monarrez	cankeny@hottechi.com	0	0
713	2019-08-27	Graciela	Rhym	sdilliard@faxquote.com	0	0
714	2019-08-27	Teddy	Meteer	sparvis@zumgoity.com	0	0
715	2019-08-27	Hillary	Menter	pyum@mathtouch.com	1	0
716	2019-08-28			kgabisi@opentech.com	1	0
717	2019-08-28			lsaylors@iselectrics.com	1	0
718	2019-08-28	Diane	Wenner	tmiceli@zathunicon.com	1	0
719	2019-08-29	Roslyn	Dilliard	sdilliard@faxquote.com	0	0
720	2019-08-29	Deonna	Wenner	mshire@statholdings.com	1	0
721	2019-08-30			erodefer@codehow.com	1	0
722	2019-08-30	Lonny	Hiatt	hpagliuca@rundofase.com	1	0
723	2019-08-30	Ligia	Campain	emallett@donquadtech.com	1	0
724	2019-09-02	Dorothy	Kownacki	tkarpel@plussunin.com	1	0
725	2019-09-02			shoogland@kan-code.com	1	0
726	2019-09-03			fchesterfield@condax.com	0	0
727	2019-09-03	Vincenza	Bitsuie	gbuzick@bioholding.com	0	0
728	2019-09-03			mpinilla@ganjaflex.com	0	0
729	2019-09-04	Daniela	Bruschke	apaprocki@gogozoom.com	1	0
730	2019-09-04	Lettie	Munns	ameteer@doncon.com	0	0
731	2019-09-04	France	Martabano	cfrey@scotfind.com	0	0
732	2019-09-05			ameteer@doncon.com	0	0
733	2019-09-05	Lonny	Ogg	clary@scotfind.com	0	0
734	2019-09-05	Britt	Brucato	ljuvera@xx-holding.com	0	0
735	2019-09-06	Arlene	Ragel	kgabisi@opentech.com	0	0
736	2019-09-09	Bulah	Sayaphon	remigh@ganjaflex.com	1	0
737	2019-09-09	Alecia	Schirpke	dschmaltz@scotfind.com	1	0
738	2019-09-09	Mitzie	Turinetti	sgillian@betasoloin.com	1	0
739	2019-09-10	Shonda	Waymire	mcorrington@faxquote.com	1	0
740	2019-09-10			candreason@donquadtech.com	1	0
741	2019-09-11	Elouise	Tromblay	dmalet@openlane.com	1	0
742	2019-09-11	Maryann	Wardrip	fweirather@warephase.com	0	1
743	2019-09-11			candreason@donquadtech.com	0	0
744	2019-09-12	Kristofer	Lapage	chughey@gogozoom.com	0	0
745	2019-09-12	Mollie	Steffensmeier	amodzelewski@donware.com	0	0
746	2019-09-12	Caprice	Keetch	dschmaltz@scotfind.com	1	0
747	2019-09-13	Beatriz	Flosi	ewrinkles@zotware.com	0	0
748	2019-09-13			cmaclead@ron-tech.com	0	0
749	2019-09-16	Donette	Rodeigues	dmalet@openlane.com	0	0
750	2019-09-16	Kaitlyn	Ventura	kknipp@cancity.com	1	0
751	2019-09-17	Joseph	Borgman	ewrinkles@zotware.com	1	0
752	2019-09-17	Estrella	Abdallah	mgesick@hatfan.com	1	0
753	2019-09-17			sgudroe@donware.com	1	0
754	2019-09-17	Geoffrey	Chavous	bscheyer@isdom.com	1	0
755	2019-09-18	Virgie	Parvis	lhalsey@plexzap.com	1	0
756	2019-09-18	Noah	Munns	dbayless@codehow.com	0	0
757	2019-09-18	Cherry	Bolognia	vhauenstein@codehow.com	1	0
758	2019-09-19	Glenn	Perruzza	chalsey@kinnamplus.com	0	0
759	2019-09-19	Karl	Patak	hweirather@lexiqvolax.com	1	0
760	2019-09-20	Shenika	Pawlowicz	lvanausdal@codehow.com	1	0
761	2019-09-20	Lenna	Wide	sparvis@zumgoity.com	1	0
762	2019-09-20	Edna	Brossart	cmanno@donquadtech.com	1	0
763	2019-09-23	Cecily	Yglesias	agudroe@rantouch.com	0	0
764	2019-09-23			rdaufeldt@zencorporation.com	0	0
765	2019-09-24	Hoa	Wenzinger	fweirather@warephase.com	0	0
766	2019-09-24	Salome	Bubash	ikampa@rundofase.com	1	0
767	2019-09-25	Lai	Brucato	nplumer@doncon.com	0	0
768	2019-09-25	Kanisha	Wolny	lragel@gogozoom.com	0	0
769	2019-09-26	Carmela	Kippley	ttolfree@iselectrics.com	1	0
770	2019-09-26	Krissy	Ahle	jostrosky@donware.com	0	0
771	2019-09-27	Lindsey	Vanausdal	mpinilla@ganjaflex.com	0	1
772	2019-09-27	Portia	Julia	kamigon@faxquote.com	1	0
773	2019-09-27	Nieves	Blackwood	mshields@iselectrics.com	0	0
774	2019-09-27	Joni	Restrepo	chalsey@kinnamplus.com	0	0
775	2019-09-30	Annelle	Gibes	candreason@donquadtech.com	0	0
776	2019-09-30	Deandrea	Varriano	awenner@openlane.com	0	0
777	2019-09-30	Jade	Rhymes	lcandlish@domzoom.com	1	0
778	2019-10-01	Lorrine	Karpel	vsayaphon@dontechi.com	1	0
779	2019-10-01	Yoko	Nachor	lcandlish@domzoom.com	0	0
780	2019-10-02	Marjory	Schmaltz	rasar@lexiqvolax.com	1	0
781	2019-10-02	Fernanda	Vonasek	spinilla@zoomit.com	0	0
782	2019-10-03	Van	Good	kknipp@cancity.com	0	0
783	2019-10-03	Laurel	Gudroe	mfallick@ontomedia.com	0	1
784	2019-10-04	Roosevelt	Shields	fchesterfield@condax.com	0	1
785	2019-10-04	Salena	Rauser	costolaza@goodsilron.com	0	0
786	2019-10-07	Sheridan	Garufi	apaprocki@gogozoom.com	0	0
787	2019-10-07	Claribel	Hagele	mshadrick@statholdings.com	1	0
788	2019-10-07	Mariann	Corrington	mmoyd@lexiqvolax.com	0	0
789	2019-10-08			tarceo@stanredtax.com	1	0
790	2019-10-08			lwide@mathtouch.com	0	0
791	2019-10-08	Lavera	Halsey	goles@newex.com	0	0
792	2019-10-09			shoogland@kan-code.com	0	0
793	2019-10-10	Pamella	Schnitzler	mkiel@dambase.com	0	0
794	2019-10-10	Rima	Beech	cgrenet@warephase.com	1	0
795	2019-10-11	Peggie	Gudroe	vborgman@groovestreet.com	1	0
796	2019-10-11	Daron	Hoa	nsmith@rangreen.com	0	1
797	2019-10-14	Theola	Chesterfield	rbilden@zathunicon.com	1	0
798	2019-10-14			lcandlish@domzoom.com	0	0
799	2019-10-14	Sabra	Rochin	goles@newex.com	0	0
800	2019-10-15	Brittni	Mastella	gbuzick@bioholding.com	1	0
801	2019-10-15	Novella	Lindall	lragel@gogozoom.com	0	0
802	2019-10-15			mloder@rantouch.com	0	0
803	2019-10-16	Heike	Weirather	jostrosky@donware.com	0	1
804	2019-10-17	Sheridan	Abdallah	dbayless@codehow.com	1	0
805	2019-10-17	Celeste	Greenbush	clary@scotfind.com	0	1
806	2019-10-18	Vincenza	Keneipp	mshadrick@statholdings.com	1	0
807	2019-10-21	Selma	Wiklund	hweirather@lexiqvolax.com	0	0
808	2019-10-21	Shalon	Sama	mshire@statholdings.com	0	0
809	2019-10-22	Marvel	Nachor	agudroe@rantouch.com	1	0
810	2019-10-22	Kris	Pedrozo	cmanno@donquadtech.com	0	0
811	2019-10-23			jneither@statholdings.com	0	1
812	2019-10-23	Scarlet	Ruta	erodefer@codehow.com	0	0
813	2019-10-23	Larae	Iturbide	fcoyier@fasehatice.com	0	0
814	2019-10-24	Ma	Maisto	lhalsey@plexzap.com	0	0
815	2019-10-24			jdrymon@kan-code.com	0	0
816	2019-10-24			dmalet@openlane.com	0	0
817	2019-10-25			cmanno@donquadtech.com	1	0
818	2019-10-25	Izetta	Jacobos	mgesick@hatfan.com	0	0
819	2019-10-25	Albina	Spickerman	dschmaltz@scotfind.com	1	0
820	2019-10-28	Francine	Gesick	ameteer@doncon.com	1	0
821	2019-10-28	Galen	Kohnert	rdhamer@donware.com	1	0
822	2019-10-29	Carmela	Sweely	ythyberg@openlane.com	0	0
823	2019-10-29	Roosevelt	Loader	lragel@gogozoom.com	1	0
824	2019-10-29	Tamar	Wrinkles	jneither@statholdings.com	1	0
825	2019-10-30	Stephane	Hoogland	fcoyier@fasehatice.com	1	0
826	2019-10-31	Jesusita	Dopico	jborgman@isdom.com	0	0
827	2019-10-31	Alyce	Ostrosky	cgrenet@warephase.com	1	0
828	2019-11-01	Carlee	Paulas	sbrucato@bioholding.com	0	1
829	2019-11-01	Tasia	Tegarden	thughey@statholdings.com	1	0
830	2019-11-04	Rasheeda	Smith	fmorocco@toughzap.com	0	0
831	2019-11-04	Rhea	Samu	aharabedian@newex.com	1	0
832	2019-11-05	Jutta	Hidvegi	lfern@zumgoity.com	0	0
833	2019-11-05	Kristeen	Haroldson	spinilla@zoomit.com	0	0
834	2019-11-06	Gail	Restrepo	cseewald@xx-holding.com	0	0
835	2019-11-06	Glendora	Scheyer	mshire@statholdings.com	1	0
836	2019-11-06			cmaclead@ron-tech.com	1	0
837	2019-11-07	Freeman	Wide	hweirather@lexiqvolax.com	0	0
838	2019-11-07	Catalina	Kannady	tnicolozakes@goodsilron.com	0	0
839	2019-11-07	Willard	Asar	kgabisi@opentech.com	0	0
840	2019-11-08	Josephine	Turinetti	rbilden@zathunicon.com	1	0
841	2019-11-08			ylueckenbach@bioholding.com	1	0
842	2019-11-08	Jani	Tolfree	nbartolet@inity.com	0	0
843	2019-11-11	Thaddeus	Palaia	cmanno@donquadtech.com	1	0
844	2019-11-11	Bernardo	Schnitzler	lcolla@condax.com	1	0
845	2019-11-12	Margart	Barfield	rhirpara@scottech.com	0	0
846	2019-11-12			gmauson@sumace.com	0	0
847	2019-11-12	Shalon	Canlas	lhalsey@domzoom.com	1	0
848	2019-11-13			erodefer@codehow.com	1	0
849	2019-11-13			awenner@openlane.com	0	0
850	2019-11-13	Tresa	Schemmer	mfallick@ontomedia.com	0	0
851	2019-11-14			lfern@zumgoity.com	0	0
852	2019-11-14	Amie	Juvera	swaymire@gogozoom.com	1	0
853	2019-11-15			fmunns@betasoloin.com	0	0
854	2019-11-15	Kimbery	Paprocki	epaa@hatfan.com	1	0
855	2019-11-15	Felicidad	Munns	fstorment@mathtouch.com	0	0
856	2019-11-15	Tarra	Gibes	vhalter@stanredtax.com	1	0
857	2019-11-18			ylueckenbach@bioholding.com	0	0
858	2019-11-18			vsayaphon@dontechi.com	1	0
859	2019-11-18			lragel@gogozoom.com	1	0
860	2019-11-19	Jutta	Kusko	rdhamer@donware.com	0	0
861	2019-11-19	Charlene	Jacobos	jdrymon@kan-code.com	1	0
862	2019-11-19	Viola	Ruta	mcorrington@faxquote.com	0	0
863	2019-11-19	Alline	Fortino	swaymire@gogozoom.com	1	0
864	2019-11-20	Jennie	Nachor	lehmann@plusstrip.com	1	0
865	2019-11-20	Lai	Nunlee	lehmann@plusstrip.com	0	0
866	2019-11-21	Aja	Konopacki	mschmaltz@zencorporation.com	1	0
867	2019-11-21	Billye	Scheyer	shoogland@kan-code.com	0	0
868	2019-11-22	Gilma	Harabedian	pheintzman@sunnamplex.com	0	0
869	2019-11-22	Cristy	Eroman	vborgman@groovestreet.com	0	0
870	2019-11-22	Justine	Albares	fchesterfield@condax.com	0	0
871	2019-11-25	Iluminada	Matuszak	mmoyd@lexiqvolax.com	0	0
872	2019-11-25	Kristeen	Munis	ecraghead@zathunicon.com	0	0
873	2019-11-25	Abel	Arceo	rbilden@zathunicon.com	0	0
874	2019-11-26	Laticia	Brossart	mscriven@singletechno.com	0	0
875	2019-11-26	Scarlet	Cronauer	tmiceli@zathunicon.com	0	0
876	2019-11-27	Raymon	Bilden	ljuvera@xx-holding.com	0	0
877	2019-11-27	Teddy	Pagliuca	mwaymire@hatfan.com	1	0
878	2019-11-28	Shawnda	Centini	lehmann@plusstrip.com	1	0
879	2019-11-28	Carmela	Pugh	rcantres@treequote.com	0	0
880	2019-11-28	Carmela	Hauenstein	nbartolet@inity.com	0	0
881	2019-11-29	Elly	Fritz	rdhamer@donware.com	0	0
882	2019-11-29	Gearldine	Ahle	lhalsey@domzoom.com	1	0
883	2019-11-29	Taryn	Meisel	goles@newex.com	0	0
884	2019-12-02	Lizette	Hengel	fweirather@warephase.com	0	0
885	2019-12-02	Sharen	Brucato	mshields@iselectrics.com	0	0
886	2019-12-02	Trinidad	Vanausdal	mdiscipio@rundofase.com	0	1
887	2019-12-03	Ligia	Darakjy	nsmith@rangreen.com	0	0
888	2019-12-03	Ammie	Hoogland	tboord@iselectrics.com	0	0
889	2019-12-04	Viola	Sarao	ythyberg@openlane.com	0	0
890	2019-12-04	Laurel	Buzick	lsaylors@iselectrics.com	0	0
891	2019-12-05			kgabisi@opentech.com	0	0
892	2019-12-05	Junita	Farrow	sbrucato@bioholding.com	0	0
893	2019-12-06	Rory	Bennick	jturinetti@toughzap.com	0	0
894	2019-12-06	Elvera	Barfield	liturbide@openlane.com	1	0
895	2019-12-09	Lizette	Ehmann	costolaza@goodsilron.com	0	0
896	2019-12-09	Cassi	Wenzinger	gjeanty@faxquote.com	0	0
897	2019-12-10	Laticia	Worlds	tkines@zotware.com	1	0
898	2019-12-10	Erick	Lary	cturinetti@goodsilron.com	0	0
899	2019-12-11	Lauran	Agramonte	nriden@plussunin.com	0	0
900	2019-12-11	Rolland	Pontoriero	kknipp@cancity.com	0	0
901	2019-12-11	Gail	Ogg	sdilliard@faxquote.com	0	0
902	2019-12-12	Kirk	Wiklund	tsuell@ganjaflex.com	1	0
903	2019-12-12	Lashon	Abdallah	kscheyer@conecom.com	0	0
904	2019-12-13	Mitsue	Pinilla	fweirather@warephase.com	0	0
905	2019-12-13	Gayla	Mcrae	gyori@ganjaflex.com	0	0
906	2019-12-13			oturinetti@dambase.com	0	0
907	2019-12-16	Helene	Bruschke	mkiel@dambase.com	1	0
908	2019-12-16	Goldie	Halter	mloder@rantouch.com	0	0
909	2019-12-16			ljuvera@xx-holding.com	0	0
910	2019-12-17	Jenelle	Ventura	apaprocki@gogozoom.com	0	0
911	2019-12-17	Thurman	Maybury	jostrosky@donware.com	0	0
912	2019-12-17	Rozella	Degonia	lhalsey@domzoom.com	0	0
913	2019-12-18	Cathrine	Saulter	mpinilla@ganjaflex.com	0	1
914	2019-12-18	Amie	Tolfree	kamigon@faxquote.com	0	1
915	2019-12-19			lfillingim@konex.com	0	1
916	2019-12-19	Joanna	Merced	rmaynerich@bioholding.com	0	0
917	2019-12-20	Diane	Staback	thughey@statholdings.com	0	0
918	2019-12-20	Sage	Mconnell	nriden@plussunin.com	1	0
919	2019-12-23			sbrucato@bioholding.com	0	0
920	2019-12-23	Antione	Oles	rpugh@kinnamplus.com	0	0
921	2019-12-23	Cecilia	Amigon	costolaza@goodsilron.com	0	0
922	2019-12-24			lsaylors@iselectrics.com	0	0
923	2019-12-24	Jennifer	Honeywell	nriden@plussunin.com	0	0
924	2019-12-24	Harrison	Korando	nplumer@doncon.com	0	0
925	2019-12-25	Danica	Bilden	cmaclead@ron-tech.com	0	0
926	2019-12-25	Laurel	Kippley	lehmann@plusstrip.com	0	0
927	2019-12-25	Alaine	Pawlowicz	vhalter@stanredtax.com	0	0
928	2019-12-26	Sage	Sweely	lstimmel@j-texon.com	0	0
929	2019-12-26	Salena	Lukasik	fcoyier@fasehatice.com	1	0
930	2019-12-27	Izetta	Caldarera	sbrucato@bioholding.com	0	0
931	2019-12-30			goles@newex.com	0	0
932	2019-12-30	Mollie	Venere	cturinetti@goodsilron.com	1	0
933	2019-12-30	Kate	Ragel	jostrosky@donware.com	0	0
934	2019-12-31	Bobbye	Korando	tsuell@ganjaflex.com	0	0
935	2019-12-31	Kerry	Ankeny	mdiscipio@rundofase.com	1	0
936	2019-12-31	Marvel	Labreche	mschmaltz@zencorporation.com	0	0
937	2020-01-01			sscipione@toughzap.com	1	0
938	2020-01-01	Stevie	Kiel	rkannady@rundofase.com	0	0
939	2020-01-01	Raina	Amyot	dmaile@gogozoom.com	1	0
940	2020-01-01	Lucina	Nicolozakes	dmalet@openlane.com	0	0
941	2020-01-02	Ernie	Bachman	evanausdal@konex.com	0	0
942	2020-01-02	Ezekiel	Pawlowicz	cturinetti@goodsilron.com	1	0
943	2020-01-03	Eden	Parlato	lfillingim@konex.com	1	0
944	2020-01-03	Earleen	Semidey	lfillingim@konex.com	0	0
945	2020-01-06	Gilma	Mccullan	vhixenbaugh@green-plus.com	0	0
946	2020-01-06	Felicidad	Dopico	mloder@rantouch.com	0	0
947	2020-01-07	Fannie	Emigh	lsengbusch@plusstrip.com	0	1
948	2020-01-07	Maile	Lukasik	dbayless@codehow.com	1	0
949	2020-01-08	Ryan	Wiklund	aeschberger@golddex.com	0	0
950	2020-01-08	Lindsey	Schoeneck	taquas@streethex.com	0	0
951	2020-01-08	Blair	Heimann	chughey@gogozoom.com	0	0
952	2020-01-09	Cherry	Thyberg	mcorrington@faxquote.com	0	0
953	2020-01-09	Fletcher	Reitler	chalsey@kinnamplus.com	0	0
954	2020-01-09	Hoa	Lother	dbruschke@betasoloin.com	0	0
955	2020-01-10	Twana	Tomasulo	pheintzman@sunnamplex.com	0	0
956	2020-01-10			rpugh@kinnamplus.com	0	0
957	2020-01-10	Vincent	Kippley	sbrucato@bioholding.com	1	0
958	2020-01-13	Jerry	Paprocki	tkorando@kinnamplus.com	1	0
959	2020-01-13			mpinilla@ganjaflex.com	0	0
960	2020-01-13	Raymon	Westerbeck	sparvis@zumgoity.com	0	0
961	2020-01-13	Yvonne	Isenhower	mloder@rantouch.com	0	0
962	2020-01-14	Jolene	Kohl	lscheyer@sonron.com	0	0
963	2020-01-14	Felix	Scheyer	ffrancescon@finjob.com	0	0
964	2020-01-14	Tarra	Nicolozakes	rkannady@rundofase.com	0	0
965	2020-01-15	Marguerita	Rhym	kamigon@faxquote.com	0	0
966	2020-01-15	Devora	Gellinger	nriden@plussunin.com	0	0
967	2020-01-15	Natalie	Ohms	ttolfree@iselectrics.com	0	0
968	2020-01-16	Alpha	Arceo	rdhamer@donware.com	0	0
969	2020-01-16	Franklyn	Farrar	jborgman@isdom.com	0	0
970	2020-01-17			vketelsen@finhigh.com	0	0
971	2020-01-17	Viva	Cookey	fstorment@mathtouch.com	0	0
972	2020-01-20			mgesick@hatfan.com	0	0
973	2020-01-20			lcolla@condax.com	1	0
974	2020-01-20	Pamella	Caudy	tkines@zotware.com	0	0
975	2020-01-20	Staci	Craghead	tsuell@ganjaflex.com	0	1
976	2020-01-21	Rolande	Scriven	mfallick@ontomedia.com	0	0
977	2020-01-21	Vilma	Aredondo	gmauson@sumace.com	0	0
978	2020-01-21	Dyan	Sama	gmauson@sumace.com	0	0
979	2020-01-22			jborgman@isdom.com	0	0
980	2020-01-22	Devorah	Yori	lfillingim@konex.com	0	0
981	2020-01-22	Fatima	Steier	nbartolet@inity.com	0	0
982	2020-01-23	Donte	Harabedian	ikampa@rundofase.com	1	0
983	2020-01-23	Lauran	Albares	bscheyer@isdom.com	0	0
984	2020-01-24	Nieves	Hollack	mmoyd@lexiqvolax.com	0	0
985	2020-01-24	Virgina	Bilden	hnachor@stanredtax.com	0	0
986	2020-01-24	Tegan	Bowley	fcoyier@fasehatice.com	0	0
987	2020-01-27			ffrancescon@finjob.com	0	0
988	2020-01-27			fmunns@betasoloin.com	1	0
989	2020-01-28	Laticia	Raymo	mscriven@singletechno.com	0	0
990	2020-01-28	Flo	Montezuma	aeschberger@golddex.com	0	0
991	2020-01-28			evanausdal@konex.com	0	0
992	2020-01-28	Rory	Haufler	taquas@streethex.com	0	0
993	2020-01-29	Nan	Fritz	dbayless@codehow.com	0	0
994	2020-01-29	Maile	Hoffis	cmaclead@ron-tech.com	0	0
995	2020-01-30	Dick	Felger	dmaile@gogozoom.com	0	0
996	2020-01-30	Kirk	Pugh	rdhamer@donware.com	0	0
997	2020-01-31			lstimmel@j-texon.com	0	0
998	2020-02-03	Dominque	Hudnall	sgudroe@donware.com	0	0
999	2020-02-03	Bulah	Mclaird	rpugh@kinnamplus.com	0	0
1000	2020-02-04			ylueckenbach@bioholding.com	0	0
1001	2020-02-04	Stephen	Nievas	tboord@iselectrics.com	0	0
1002	2020-02-04			rdilello@sunnamplex.com	0	0
1003	2020-02-05	Golda	Swayze	aharnos@treequote.com	0	0
1004	2020-02-05			rmaynerich@bioholding.com	0	0
1005	2020-02-05			jostrosky@donware.com	0	0
1006	2020-02-06	Vincenza	Dilliard	mgesick@hatfan.com	0	0
1007	2020-02-06	Sharen	Hamilton	sscipione@toughzap.com	0	0
1008	2020-02-06	Arminda	Denooyer	lstimmel@j-texon.com	0	0
1009	2020-02-07	Rory	Pelkowski	kknipp@cancity.com	0	0
1010	2020-02-07	Youlanda	Worlds	ikampa@rundofase.com	0	0
1011	2020-02-10	Whitley	Ruta	mwaymire@hatfan.com	0	0
1012	2020-02-10	Joseph	Eanes	lsengbusch@plusstrip.com	0	0
1013	2020-02-11			wklusman@hottechi.com	0	0
1014	2020-02-11	Gail	Wildfong	bscheyer@isdom.com	0	0
1015	2020-02-12	Rolland	Bruschke	shamilton@donware.com	0	0
1016	2020-02-12	Daron	Stuer	mdiscipio@rundofase.com	0	0
1017	2020-02-12	Casie	Ryser	chalsey@kinnamplus.com	0	0
1018	2020-02-13	Sue	Tawil	ikampa@rundofase.com	0	0
1019	2020-02-14	Myra	Beech	jnicolozakes@plexzap.com	0	0
1020	2020-02-14			rasar@lexiqvolax.com	0	0
1021	2020-02-17	Simona	Deleo	liturbide@openlane.com	0	0
1022	2020-02-17	Clorinda	Motley	lcolla@condax.com	0	0
1023	2020-02-17			lragel@gogozoom.com	0	0
1024	2020-02-18	Bernardine	Butzen	dmaile@gogozoom.com	1	0
1025	2020-02-18	Cheryl	Garufi	mlietz@openlane.com	0	0
1026	2020-02-19	Wilda	Scheyer	lsengbusch@plusstrip.com	0	0
1027	2020-02-19			ameteer@doncon.com	0	0
1028	2020-02-20	Jaclyn	Maile	nriden@plussunin.com	0	0
1029	2020-02-20	Graciela	Neither	lehmann@plusstrip.com	0	0
1030	2020-02-21			rdaufeldt@zencorporation.com	0	0
1031	2020-02-24			chughey@gogozoom.com	0	0
1032	2020-02-24	Xuan	Morasca	lhalsey@plexzap.com	0	0
1033	2020-02-25	Gwenn	Skursky	amodzelewski@donware.com	0	0
1034	2020-02-25	Chauncey	Vonasek	lcolla@condax.com	0	0
1035	2020-02-25	Ernie	Wiklund	fweirather@warephase.com	0	0
1036	2020-02-26	Cecily	Borgman	cmanno@donquadtech.com	0	0
1037	2020-02-26	Derick	Rim	nsmith@rangreen.com	0	0
1038	2020-02-26	Catarina	Cronauer	jneither@statholdings.com	0	0
1039	2020-02-27	Norah	Nievas	jostrosky@donware.com	0	0
1040	2020-02-27	Stephaine	Hughey	taquas@streethex.com	0	0
1041	2020-02-27	Karan	Monterrubio	chalsey@kinnamplus.com	0	0
1042	2020-02-28	Alesia	Fallick	shoogland@kan-code.com	0	0
1043	2020-02-28	Gayla	Tjepkema	tboord@iselectrics.com	0	0
